effect,repetitions,detections,detection_rate,detection_rate_wilson_low,detection_rate_wilson_high,named_auroc_mean,named_auroc_sd,translated_q975_mean,margin_mean
0.0,30,2,0.0666666666666666,0.0184770237912703,0.2132345836261692,0.5032151851851852,0.0236340419608419,0.5423338703703703,-0.0391186851851851
0.01,15,1,0.0666666666666666,0.0118668954932685,0.2981652987378003,0.5060711111111111,0.0280869275485619,0.5421607037037037,-0.0360895925925925
0.02,15,4,0.2666666666666666,0.1089745332569237,0.5195043405598057,0.5250822222222222,0.0322315432057641,0.5438867777777777,-0.0188045555555555
0.03,15,8,0.5333333333333333,0.3011698002549839,0.7519046463426261,0.5385385185185185,0.0247809396753516,0.5446244074074074,-0.0060858888888888
0.04,15,12,0.8,0.5481455128483065,0.9295245065301844,0.5811096296296296,0.033399249869246,0.5431479629629629,0.0379616666666666
0.05,15,15,1.0,0.7961166989641515,1.0,0.630525925925926,0.0367912991656651,0.5438867777777777,0.0866391481481481
0.1,15,15,1.0,0.7961166989641515,1.0,0.8086133333333334,0.0178838375003514,0.5446244074074074,0.2639889259259259
0.2,15,15,1.0,0.7961166989641515,1.0,0.9780407407407408,0.0041132269687453,0.5431479629629629,0.4348927777777777
0.4,15,15,1.0,0.7961166989641515,1.0,0.9999933333333334,1.7213259316479608e-05,0.5442738148148147,0.4557195185185185
