scheme,permutations,auroc_mean,auroc_sd,auroc_q025,auroc_q50,auroc_q975
global,24,0.7064534382052302,0.0281067723100139,0.6648229540023894,0.71094782954998,0.7458358472720032
label_stratified_diagnostic,24,0.7374311363334661,0.0236376241944368,0.6973611857825568,0.7351269414575865,0.7728686031461569
