roi_name,height,width,n_features,model_seeds,translated_supports,named_roi_auroc_mean,named_roi_auroc_sd,translated_auroc_mean,translated_auroc_sd,translated_auroc_q025,translated_auroc_q50,translated_auroc_q975,named_minus_translated_mean,named_minus_translated_q975,support_rank_probability,named_exceeds_translated_q975
upper_brow_forehead,8,24,192,3,64,0.9147491039426524,0.0053227172477365,0.910715756919554,0.0225077576472746,0.8446123307447233,0.9176359020310634,0.933532282954998,0.0040333470230983,-0.0187831790123457,0.5692307692307692,False
left_periocular,7,14,98,3,64,0.901005575467941,0.0045331029958008,0.8662707991089208,0.0305995242331218,0.7911820489844683,0.8709254281162883,0.9071010553564316,0.0347347763590202,-0.0060954798884906,0.0615384615384615,False
right_periocular,7,14,98,3,64,0.8830565511748308,0.0085641044409491,0.8620937562226205,0.0319402257002082,0.772407083831143,0.865176722421346,0.9052714058144168,0.0209627949522103,-0.0222148546395858,0.2923076923076923,False
nasal_midface,14,4,56,3,64,0.8039038231780168,0.0015543804415361,0.8449402317303862,0.0297260991383581,0.7816982526881721,0.8458064516129034,0.8872145559538034,-0.0410364085523694,-0.0833107327757866,0.9384615384615383,False
left_cheek_zygomatic,9,14,126,3,64,0.9028225806451612,0.0029800534801132,0.8860684861608921,0.0165386602090356,0.8532146057347669,0.8878171047391479,0.9144520111509358,0.0167540944842692,-0.0116294305057744,0.1538461538461538,False
right_cheek_zygomatic,9,14,126,3,64,0.8646445639187575,0.0015891431029551,0.8794814068100358,0.024735020707488,0.8106375696933492,0.8827708084428515,0.9095705894066108,-0.0148368428912782,-0.0449260254878532,0.8153846153846154,False
perioral_mouth,4,16,64,3,64,0.740041816009558,0.0060283041956982,0.8222968936678614,0.0397870574594992,0.738137644364795,0.8235319593787336,0.8786204699322979,-0.0822550776583034,-0.1385786539227399,0.9692307692307692,False
chin_mandible,4,20,80,3,64,0.7874382716049383,0.0119579420362964,0.8409441893170052,0.0450072551016121,0.7397265780565513,0.8539550975706889,0.8946603693747511,-0.0535059177120669,-0.1072220977698128,0.8461538461538461,False
