set,n,class0,class1,accuracy,balanced_accuracy,f1_class1,auroc,auprc,brier_score,ece,tn,fp,fn,tp
full_test,1171,675,496,0.9521776259607172,0.9472909199522104,0.9419087136929462,0.9824103942652332,0.976698847990224,0.0402353934303762,0.0230515702836449,661,14,42,454
