roi_name,named_holdout_auroc,translated_holdout_mean,translated_holdout_q975,holdout_location_margin,named_exceeds_holdout_q975,named_repeated_cv_auroc,translated_repeated_cv_q975,repeated_cv_location_margin,named_exceeds_repeated_cv_q975,passes_both_location_gates
upper_brow_forehead,0.8321678321678322,0.9166302447552448,0.958041958041958,-0.1258741258741259,False,0.7702479338842975,0.8276501377410468,-0.0574022038567493,False,False
left_periocular,0.8461538461538461,0.8895323426573426,0.958041958041958,-0.1118881118881119,False,0.7876088154269972,0.8156340909090908,-0.0280252754820935,False,False
right_periocular,0.93006993006993,0.883631993006993,0.961013986013986,-0.0309440559440559,False,0.7679641873278237,0.8168802341597795,-0.0489160468319558,False,False
nasal_midface,0.93006993006993,0.8025568181818182,0.938986013986014,-0.0089160839160837,False,0.7429972451790633,0.7894374655647383,-0.0464402203856749,False,False
left_cheek_zygomatic,0.8251748251748252,0.8989291958041958,0.954020979020979,-0.1288461538461538,False,0.7527217630853994,0.8189219696969696,-0.0662002066115702,False,False
right_cheek_zygomatic,0.888111888111888,0.908326048951049,0.954020979020979,-0.065909090909091,False,0.7830716253443525,0.8168445592286501,-0.0337729338842975,False,False
perioral_mouth,0.944055944055944,0.8580638111888111,0.940034965034965,0.004020979020979,True,0.7565041322314049,0.8091201101928375,-0.0526159779614325,False,False
chin_mandible,0.951048951048951,0.8677884615384615,0.968006993006993,-0.0169580419580419,False,0.7937190082644627,0.813787603305785,-0.0200685950413223,False,False
